school_student,freshmen,senior,job_seeker,worker,job_else
work,0.3532694609645852,0.042819179933435536,0.9485334749543676,0.019428455370457787,0.3677968620793598,0.822326056802472
edu,0.15404779749015296,0.40352641514344934,0.7878489247942345,0.6756483003967417,0.7801815814134032,0.49966589742408374
free_time,0.6177494645179008,0.9054652524244085,0.39417186664625015,0.7817940368897024,0.12691438912416397,0.1432435123305552
health,0.9479464658585666,0.23090053051780113,0.32319423593223984,0.5996945965828313,0.5996785257938555,0.9250659623069343
chores,0.4584084955471168,0.666855952084096,0.01609567470339235,0.5640627127177922,0.3026150853323344,0.9321191382976947
category_else,0.34221160445651244,0.43426100788981714,0.8525808395645708,0.5569450873747375,0.3669981019939196,0.04529557372504711
