male,female,other
work,0.7750028635335057,0.2973016209225745,0.0457886071418262
edu,0.5559568888520182,0.547547722236621,0.3665936336310789
free_time,0.5355748972667199,0.2809789581025063,0.96582238281103
health,0.5716879765916134,0.19546481873309696,0.2922475989021326
chores,0.4893783726573441,0.8041266818906024,0.11738939959551198
category_else,0.7433342800214817,0.3222868131553961,0.4774024341751558
