INTJ,INTP,ENTJ,ENTP,INFJ,INFP,ENFJ,ENFP,ISTJ,ISFJ,ESTJ,ESFJ,ISTP,ISFP,ESTP,ESFP
work,0.2508311651203837,0.9370256871502328,0.9007896641388022,0.5536867291657191,0.8835660301294341,0.9511491893490749,0.24804067828811593,0.8059543452351339,0.875499586685395,0.7860423757641964,0.44404610748290196,0.38372940524389965,0.4378916674382134,0.396668425026679,0.744222446184008,0.720557043532607
edu,0.8695466034694288,0.17136866089633174,0.20293439038433525,0.4565757761602357,0.08199279677359439,0.14252361002875769,0.9811259733764056,0.1895205724235054,0.548786881096144,0.5492673555649044,0.8221487469751977,0.8635441813718905,0.035396129050969005,0.4955672118014226,0.4455214836545043,0.10865558872225811
free_time,0.30420810194257364,0.3137403013792994,0.23614359090619608,0.2261874067986941,0.5560516197719418,0.5665153230451685,0.8049270512751515,0.6895286398997862,0.5793193561222161,0.4279621328514349,0.5432155489768021,0.9729360502636578,0.9407597309528455,0.009615030533233981,0.043931393810602626,0.09071566988874358
health,0.7084035905719698,0.9591107085240641,0.3495926765326762,0.7969460797673169,0.17458097676425532,0.6074480799453492,0.36606006690051196,0.9152435038052912,0.02689928646208839,0.1774279665947226,0.860327087846529,0.5461215392221122,0.05166907589569014,0.4668626046668336,0.19712014732080985,0.08251145382830682
chores,0.35090006614769975,0.3660277845711807,0.7812069194947286,0.7609271642893302,0.971283206710787,0.6651923344304475,0.10615227312865017,0.15039425461972622,0.014418526565827317,0.999356458207369,0.7223654391125471,0.11874421354385367,0.804266297326922,0.0647492314023419,0.7721128362686518,0.6067111616561291
category_else,0.3489406848754837,0.07908928270948912,0.003870943145598993,0.23530495163175547,0.447851364685911,0.5186406379569186,0.1756751246882453,0.4959996129675798,0.7467985517891413,0.4996515740646582,0.3187511974595798,0.3950178025337888,0.47751911855104556,0.8965893684827018,0.42911092940992746,0.9393685612188866
