gender,work,edu,free_time,health,chores,category_else
0,0.5113636363636364,0.45454545454545453,0.6022727272727273,0.6477272727272727,0.13636363636363635,0.0
1,0.7121212121212122,0.4318181818181818,0.4318181818181818,0.6439393939393939,0.2196969696969697,0.0
