job,work,edu,free_time,health,chores,category_else
000,0.75,0.0,0.25,1.0,0.5,0.0
002,0.5,0.875,0.875,0.25,0.0,0.0
003,0.6346153846153846,0.5961538461538461,0.5769230769230769,0.5769230769230769,0.038461538461538464,0.0
004,0.484375,0.484375,0.5625,0.671875,0.15625,0.0
005,0.7794117647058824,0.25,0.4411764705882353,0.6470588235294118,0.3235294117647059,0.0
006,1.0,0.75,0.25,0.0,0.0,0.0
008,0.55,0.4,0.25,0.95,0.25,0.0
